{"ContentRoots":["C:\\MyData\\Source\\ITToolsWarp\\ITToolsWarp\\ITToolsWarp\\wwwroot\\"],"Root":{"Children":{"android-chrome-192x192.png":{"Children":null,"Asset":{"ContentRootIndex":0,"SubPath":"android-chrome-192x192.png"},"Patterns":null},"android-chrome-512x512.png":{"Children":null,"Asset":{"ContentRootIndex":0,"SubPath":"android-chrome-512x512.png"},"Patterns":null},"apple-touch-icon.png":{"Children":null,"Asset":{"ContentRootIndex":0,"SubPath":"apple-touch-icon.png"},"Patterns":null},"assets":{"Children":{"abap-b90a1f1e.js":{"Children":null,"Asset":{"ContentRootIndex":0,"SubPath":"assets/abap-b90a1f1e.js"},"Patterns":null},"About-166a3a66.js":{"Children":null,"Asset":{"ContentRootIndex":0,"SubPath":"assets/About-166a3a66.js"},"Patterns":null},"Alert-56895838.js":{"Children":null,"Asset":{"ContentRootIndex":0,"SubPath":"assets/Alert-56895838.js"},"Patterns":null},"apex-7aadd462.js":{"Children":null,"Asset":{"ContentRootIndex":0,"SubPath":"assets/apex-7aadd462.js"},"Patterns":null},"azcli-23a1b956.js":{"Children":null,"Asset":{"ContentRootIndex":0,"SubPath":"assets/azcli-23a1b956.js"},"Patterns":null},"base64-94c6bba0.js":{"Children":null,"Asset":{"ContentRootIndex":0,"SubPath":"assets/base64-94c6bba0.js"},"Patterns":null},"base64-file-converter-120704fa.css":{"Children":null,"Asset":{"ContentRootIndex":0,"SubPath":"assets/base64-file-converter-120704fa.css"},"Patterns":null},"base64-file-converter-5ffa8fed.js":{"Children":null,"Asset":{"ContentRootIndex":0,"SubPath":"assets/base64-file-converter-5ffa8fed.js"},"Patterns":null},"base64-string-converter-1ba52bc3.js":{"Children":null,"Asset":{"ContentRootIndex":0,"SubPath":"assets/base64-string-converter-1ba52bc3.js"},"Patterns":null},"basic-auth-generator-2fa5d73a.js":{"Children":null,"Asset":{"ContentRootIndex":0,"SubPath":"assets/basic-auth-generator-2fa5d73a.js"},"Patterns":null},"basic-auth-generator-635aa9e2.css":{"Children":null,"Asset":{"ContentRootIndex":0,"SubPath":"assets/basic-auth-generator-635aa9e2.css"},"Patterns":null},"bat-2c82a72d.js":{"Children":null,"Asset":{"ContentRootIndex":0,"SubPath":"assets/bat-2c82a72d.js"},"Patterns":null},"bcrypt-58d5460e.css":{"Children":null,"Asset":{"ContentRootIndex":0,"SubPath":"assets/bcrypt-58d5460e.css"},"Patterns":null},"bcrypt-976e95fd.js":{"Children":null,"Asset":{"ContentRootIndex":0,"SubPath":"assets/bcrypt-976e95fd.js"},"Patterns":null},"benchmark-builder-f8d29abc.js":{"Children":null,"Asset":{"ContentRootIndex":0,"SubPath":"assets/benchmark-builder-f8d29abc.js"},"Patterns":null},"bicep-338bfe58.js":{"Children":null,"Asset":{"ContentRootIndex":0,"SubPath":"assets/bicep-338bfe58.js"},"Patterns":null},"bip39-generator-e812f555.js":{"Children":null,"Asset":{"ContentRootIndex":0,"SubPath":"assets/bip39-generator-e812f555.js"},"Patterns":null},"boolean-c7e7c785.js":{"Children":null,"Asset":{"ContentRootIndex":0,"SubPath":"assets/boolean-c7e7c785.js"},"Patterns":null},"browser-e933942f.js":{"Children":null,"Asset":{"ContentRootIndex":0,"SubPath":"assets/browser-e933942f.js"},"Patterns":null},"Button-26501b8d.js":{"Children":null,"Asset":{"ContentRootIndex":0,"SubPath":"assets/Button-26501b8d.js"},"Patterns":null},"c-key-value-list.vue_vue_type_script_setup_true_lang-c719f9ae.js":{"Children":null,"Asset":{"ContentRootIndex":0,"SubPath":"assets/c-key-value-list.vue_vue_type_script_setup_true_lang-c719f9ae.js"},"Patterns":null},"cameligo-1c616f6f.js":{"Children":null,"Asset":{"ContentRootIndex":0,"SubPath":"assets/cameligo-1c616f6f.js"},"Patterns":null},"camera-recorder-0fb6f98f.js":{"Children":null,"Asset":{"ContentRootIndex":0,"SubPath":"assets/camera-recorder-0fb6f98f.js"},"Patterns":null},"case-converter-75f3d26a.js":{"Children":null,"Asset":{"ContentRootIndex":0,"SubPath":"assets/case-converter-75f3d26a.js"},"Patterns":null},"Checkbox-9a30e9ce.js":{"Children":null,"Asset":{"ContentRootIndex":0,"SubPath":"assets/Checkbox-9a30e9ce.js"},"Patterns":null},"chmod-calculator-67ba53ae.css":{"Children":null,"Asset":{"ContentRootIndex":0,"SubPath":"assets/chmod-calculator-67ba53ae.css"},"Patterns":null},"chmod-calculator-aadcbc13.js":{"Children":null,"Asset":{"ContentRootIndex":0,"SubPath":"assets/chmod-calculator-aadcbc13.js"},"Patterns":null},"chronometer-0d8c66f6.css":{"Children":null,"Asset":{"ContentRootIndex":0,"SubPath":"assets/chronometer-0d8c66f6.css"},"Patterns":null},"chronometer-e7a47b07.js":{"Children":null,"Asset":{"ContentRootIndex":0,"SubPath":"assets/chronometer-e7a47b07.js"},"Patterns":null},"clojure-9bb82a82.js":{"Children":null,"Asset":{"ContentRootIndex":0,"SubPath":"assets/clojure-9bb82a82.js"},"Patterns":null},"codicon-8b349ebc.ttf":{"Children":null,"Asset":{"ContentRootIndex":0,"SubPath":"assets/codicon-8b349ebc.ttf"},"Patterns":null},"coffee-ec486f98.js":{"Children":null,"Asset":{"ContentRootIndex":0,"SubPath":"assets/coffee-ec486f98.js"},"Patterns":null},"color-converter-da95da87.js":{"Children":null,"Asset":{"ContentRootIndex":0,"SubPath":"assets/color-converter-da95da87.js"},"Patterns":null},"ColorPicker-32d4b870.js":{"Children":null,"Asset":{"ContentRootIndex":0,"SubPath":"assets/ColorPicker-32d4b870.js"},"Patterns":null},"computedRefreshable-95e4e80f.js":{"Children":null,"Asset":{"ContentRootIndex":0,"SubPath":"assets/computedRefreshable-95e4e80f.js"},"Patterns":null},"convert-ae87c221.js":{"Children":null,"Asset":{"ContentRootIndex":0,"SubPath":"assets/convert-ae87c221.js"},"Patterns":null},"Copy-d74f611f.js":{"Children":null,"Asset":{"ContentRootIndex":0,"SubPath":"assets/Copy-d74f611f.js"},"Patterns":null},"cpp-98740ad6.js":{"Children":null,"Asset":{"ContentRootIndex":0,"SubPath":"assets/cpp-98740ad6.js"},"Patterns":null},"crontab-generator-492eac46.js":{"Children":null,"Asset":{"ContentRootIndex":0,"SubPath":"assets/crontab-generator-492eac46.js"},"Patterns":null},"crontab-generator-b50f7ea4.css":{"Children":null,"Asset":{"ContentRootIndex":0,"SubPath":"assets/crontab-generator-b50f7ea4.css"},"Patterns":null},"csharp-d2941385.js":{"Children":null,"Asset":{"ContentRootIndex":0,"SubPath":"assets/csharp-d2941385.js"},"Patterns":null},"csp-aed6305a.js":{"Children":null,"Asset":{"ContentRootIndex":0,"SubPath":"assets/csp-aed6305a.js"},"Patterns":null},"css-a82dd746.js":{"Children":null,"Asset":{"ContentRootIndex":0,"SubPath":"assets/css-a82dd746.js"},"Patterns":null},"cssMode-92488355.js":{"Children":null,"Asset":{"ContentRootIndex":0,"SubPath":"assets/cssMode-92488355.js"},"Patterns":null},"cypher-3ffc0570.js":{"Children":null,"Asset":{"ContentRootIndex":0,"SubPath":"assets/cypher-3ffc0570.js"},"Patterns":null},"dart-68bf5326.js":{"Children":null,"Asset":{"ContentRootIndex":0,"SubPath":"assets/dart-68bf5326.js"},"Patterns":null},"date-time-converter-d319beb5.js":{"Children":null,"Asset":{"ContentRootIndex":0,"SubPath":"assets/date-time-converter-d319beb5.js"},"Patterns":null},"defaults-4d6daddf.js":{"Children":null,"Asset":{"ContentRootIndex":0,"SubPath":"assets/defaults-4d6daddf.js"},"Patterns":null},"defineProperty-1b7bfdbf.js":{"Children":null,"Asset":{"ContentRootIndex":0,"SubPath":"assets/defineProperty-1b7bfdbf.js"},"Patterns":null},"demo-wrapper-80e53094.js":{"Children":null,"Asset":{"ContentRootIndex":0,"SubPath":"assets/demo-wrapper-80e53094.js"},"Patterns":null},"device-information-5631f40b.js":{"Children":null,"Asset":{"ContentRootIndex":0,"SubPath":"assets/device-information-5631f40b.js"},"Patterns":null},"device-information-94180c4b.css":{"Children":null,"Asset":{"ContentRootIndex":0,"SubPath":"assets/device-information-94180c4b.css"},"Patterns":null},"Divider-8b9fb577.js":{"Children":null,"Asset":{"ContentRootIndex":0,"SubPath":"assets/Divider-8b9fb577.js"},"Patterns":null},"docker-run-to-docker-compose-converter-f95d358a.js":{"Children":null,"Asset":{"ContentRootIndex":0,"SubPath":"assets/docker-run-to-docker-compose-converter-f95d358a.js"},"Patterns":null},"dockerfile-c55b64af.js":{"Children":null,"Asset":{"ContentRootIndex":0,"SubPath":"assets/dockerfile-c55b64af.js"},"Patterns":null},"downloadBase64-3f3416fb.js":{"Children":null,"Asset":{"ContentRootIndex":0,"SubPath":"assets/downloadBase64-3f3416fb.js"},"Patterns":null},"ecl-e008be52.js":{"Children":null,"Asset":{"ContentRootIndex":0,"SubPath":"assets/ecl-e008be52.js"},"Patterns":null},"elixir-932a57fd.js":{"Children":null,"Asset":{"ContentRootIndex":0,"SubPath":"assets/elixir-932a57fd.js"},"Patterns":null},"emoji-picker-f63c7f22.js":{"Children":null,"Asset":{"ContentRootIndex":0,"SubPath":"assets/emoji-picker-f63c7f22.js"},"Patterns":null},"en-a02c2e20.js":{"Children":null,"Asset":{"ContentRootIndex":0,"SubPath":"assets/en-a02c2e20.js"},"Patterns":null},"encryption-baf89aab.js":{"Children":null,"Asset":{"ContentRootIndex":0,"SubPath":"assets/encryption-baf89aab.js"},"Patterns":null},"eta-calculator-ad84d819.css":{"Children":null,"Asset":{"ContentRootIndex":0,"SubPath":"assets/eta-calculator-ad84d819.css"},"Patterns":null},"eta-calculator-c1e4828a.js":{"Children":null,"Asset":{"ContentRootIndex":0,"SubPath":"assets/eta-calculator-c1e4828a.js"},"Patterns":null},"flow9-d862b93b.js":{"Children":null,"Asset":{"ContentRootIndex":0,"SubPath":"assets/flow9-d862b93b.js"},"Patterns":null},"Form-b8554f4b.js":{"Children":null,"Asset":{"ContentRootIndex":0,"SubPath":"assets/Form-b8554f4b.js"},"Patterns":null},"FormatTransformer.vue_vue_type_script_setup_true_lang-1e038724.js":{"Children":null,"Asset":{"ContentRootIndex":0,"SubPath":"assets/FormatTransformer.vue_vue_type_script_setup_true_lang-1e038724.js"},"Patterns":null},"FormItem-651ddabe.js":{"Children":null,"Asset":{"ContentRootIndex":0,"SubPath":"assets/FormItem-651ddabe.js"},"Patterns":null},"fr-1c1d7caa.js":{"Children":null,"Asset":{"ContentRootIndex":0,"SubPath":"assets/fr-1c1d7caa.js"},"Patterns":null},"freemarker2-ed90fb79.js":{"Children":null,"Asset":{"ContentRootIndex":0,"SubPath":"assets/freemarker2-ed90fb79.js"},"Patterns":null},"fsharp-f2bb837e.js":{"Children":null,"Asset":{"ContentRootIndex":0,"SubPath":"assets/fsharp-f2bb837e.js"},"Patterns":null},"git-memo-7cbe3422.js":{"Children":null,"Asset":{"ContentRootIndex":0,"SubPath":"assets/git-memo-7cbe3422.js"},"Patterns":null},"git-memo-e2793d39.css":{"Children":null,"Asset":{"ContentRootIndex":0,"SubPath":"assets/git-memo-e2793d39.css"},"Patterns":null},"go-b074840c.js":{"Children":null,"Asset":{"ContentRootIndex":0,"SubPath":"assets/go-b074840c.js"},"Patterns":null},"graphql-a707cdaa.js":{"Children":null,"Asset":{"ContentRootIndex":0,"SubPath":"assets/graphql-a707cdaa.js"},"Patterns":null},"handlebars-e65af434.js":{"Children":null,"Asset":{"ContentRootIndex":0,"SubPath":"assets/handlebars-e65af434.js"},"Patterns":null},"hash-text-a7683bf3.js":{"Children":null,"Asset":{"ContentRootIndex":0,"SubPath":"assets/hash-text-a7683bf3.js"},"Patterns":null},"hash-text.service-9de4e2c4.js":{"Children":null,"Asset":{"ContentRootIndex":0,"SubPath":"assets/hash-text.service-9de4e2c4.js"},"Patterns":null},"hcl-d4ee186a.js":{"Children":null,"Asset":{"ContentRootIndex":0,"SubPath":"assets/hcl-d4ee186a.js"},"Patterns":null},"hmac-generator-f13b2072.js":{"Children":null,"Asset":{"ContentRootIndex":0,"SubPath":"assets/hmac-generator-f13b2072.js"},"Patterns":null},"html-93799813.js":{"Children":null,"Asset":{"ContentRootIndex":0,"SubPath":"assets/html-93799813.js"},"Patterns":null},"html-entities-156c6c0d.js":{"Children":null,"Asset":{"ContentRootIndex":0,"SubPath":"assets/html-entities-156c6c0d.js"},"Patterns":null},"html-wysiwyg-editor-b5b79779.css":{"Children":null,"Asset":{"ContentRootIndex":0,"SubPath":"assets/html-wysiwyg-editor-b5b79779.css"},"Patterns":null},"html-wysiwyg-editor-cd5d4ef8.js":{"Children":null,"Asset":{"ContentRootIndex":0,"SubPath":"assets/html-wysiwyg-editor-cd5d4ef8.js"},"Patterns":null},"htmlMode-64017c92.js":{"Children":null,"Asset":{"ContentRootIndex":0,"SubPath":"assets/htmlMode-64017c92.js"},"Patterns":null},"http-status-codes-d85265a5.js":{"Children":null,"Asset":{"ContentRootIndex":0,"SubPath":"assets/http-status-codes-d85265a5.js"},"Patterns":null},"iban-validator-and-parser-4293811d.js":{"Children":null,"Asset":{"ContentRootIndex":0,"SubPath":"assets/iban-validator-and-parser-4293811d.js"},"Patterns":null},"index-53fc2730.js":{"Children":null,"Asset":{"ContentRootIndex":0,"SubPath":"assets/index-53fc2730.js"},"Patterns":null},"index-5fb76a08.js":{"Children":null,"Asset":{"ContentRootIndex":0,"SubPath":"assets/index-5fb76a08.js"},"Patterns":null},"index-9864a4b0.js":{"Children":null,"Asset":{"ContentRootIndex":0,"SubPath":"assets/index-9864a4b0.js"},"Patterns":null},"index-9f33364c.js":{"Children":null,"Asset":{"ContentRootIndex":0,"SubPath":"assets/index-9f33364c.js"},"Patterns":null},"index-abe084b8.css":{"Children":null,"Asset":{"ContentRootIndex":0,"SubPath":"assets/index-abe084b8.css"},"Patterns":null},"index-b3496b6d.js":{"Children":null,"Asset":{"ContentRootIndex":0,"SubPath":"assets/index-b3496b6d.js"},"Patterns":null},"index-d4e515d0.js":{"Children":null,"Asset":{"ContentRootIndex":0,"SubPath":"assets/index-d4e515d0.js"},"Patterns":null},"ini-41c1946f.js":{"Children":null,"Asset":{"ContentRootIndex":0,"SubPath":"assets/ini-41c1946f.js"},"Patterns":null},"InputCopyable.vue_vue_type_script_setup_true_lang-67d0ea02.js":{"Children":null,"Asset":{"ContentRootIndex":0,"SubPath":"assets/InputCopyable.vue_vue_type_script_setup_true_lang-67d0ea02.js"},"Patterns":null},"InputGroup-1facb2c3.js":{"Children":null,"Asset":{"ContentRootIndex":0,"SubPath":"assets/InputGroup-1facb2c3.js"},"Patterns":null},"InputGroupLabel-1ad90c1e.js":{"Children":null,"Asset":{"ContentRootIndex":0,"SubPath":"assets/InputGroupLabel-1ad90c1e.js"},"Patterns":null},"InputNumber-00ab1fd2.js":{"Children":null,"Asset":{"ContentRootIndex":0,"SubPath":"assets/InputNumber-00ab1fd2.js"},"Patterns":null},"integer-base-converter-924453cb.js":{"Children":null,"Asset":{"ContentRootIndex":0,"SubPath":"assets/integer-base-converter-924453cb.js"},"Patterns":null},"integer-base-converter-d188b46a.css":{"Children":null,"Asset":{"ContentRootIndex":0,"SubPath":"assets/integer-base-converter-d188b46a.css"},"Patterns":null},"integer-base-converter.model-81b950ae.js":{"Children":null,"Asset":{"ContentRootIndex":0,"SubPath":"assets/integer-base-converter.model-81b950ae.js"},"Patterns":null},"ipv4-address-converter-84aad189.js":{"Children":null,"Asset":{"ContentRootIndex":0,"SubPath":"assets/ipv4-address-converter-84aad189.js"},"Patterns":null},"ipv4-address-converter.service-46c4ce3a.js":{"Children":null,"Asset":{"ContentRootIndex":0,"SubPath":"assets/ipv4-address-converter.service-46c4ce3a.js"},"Patterns":null},"ipv4-range-expander-c4995407.js":{"Children":null,"Asset":{"ContentRootIndex":0,"SubPath":"assets/ipv4-range-expander-c4995407.js"},"Patterns":null},"ipv4-subnet-calculator-bd382416.js":{"Children":null,"Asset":{"ContentRootIndex":0,"SubPath":"assets/ipv4-subnet-calculator-bd382416.js"},"Patterns":null},"ipv6-ula-generator-650caeda.js":{"Children":null,"Asset":{"ContentRootIndex":0,"SubPath":"assets/ipv6-ula-generator-650caeda.js"},"Patterns":null},"java-47f7782f.js":{"Children":null,"Asset":{"ContentRootIndex":0,"SubPath":"assets/java-47f7782f.js"},"Patterns":null},"javascript-0326f61e.js":{"Children":null,"Asset":{"ContentRootIndex":0,"SubPath":"assets/javascript-0326f61e.js"},"Patterns":null},"json-diff-0c87ccdc.css":{"Children":null,"Asset":{"ContentRootIndex":0,"SubPath":"assets/json-diff-0c87ccdc.css"},"Patterns":null},"json-diff-d29b4bac.js":{"Children":null,"Asset":{"ContentRootIndex":0,"SubPath":"assets/json-diff-d29b4bac.js"},"Patterns":null},"json-minify-84821ae4.js":{"Children":null,"Asset":{"ContentRootIndex":0,"SubPath":"assets/json-minify-84821ae4.js"},"Patterns":null},"json-to-csv-314f381f.js":{"Children":null,"Asset":{"ContentRootIndex":0,"SubPath":"assets/json-to-csv-314f381f.js"},"Patterns":null},"json-to-toml-efe4e394.js":{"Children":null,"Asset":{"ContentRootIndex":0,"SubPath":"assets/json-to-toml-efe4e394.js"},"Patterns":null},"json-to-yaml-3bb0b312.js":{"Children":null,"Asset":{"ContentRootIndex":0,"SubPath":"assets/json-to-yaml-3bb0b312.js"},"Patterns":null},"json-viewer-1499f4ea.js":{"Children":null,"Asset":{"ContentRootIndex":0,"SubPath":"assets/json-viewer-1499f4ea.js"},"Patterns":null},"json-viewer-a81cb043.css":{"Children":null,"Asset":{"ContentRootIndex":0,"SubPath":"assets/json-viewer-a81cb043.css"},"Patterns":null},"jsonMode-0f231ef9.js":{"Children":null,"Asset":{"ContentRootIndex":0,"SubPath":"assets/jsonMode-0f231ef9.js"},"Patterns":null},"julia-f7e41405.js":{"Children":null,"Asset":{"ContentRootIndex":0,"SubPath":"assets/julia-f7e41405.js"},"Patterns":null},"jwt-parser-0dd4314a.css":{"Children":null,"Asset":{"ContentRootIndex":0,"SubPath":"assets/jwt-parser-0dd4314a.css"},"Patterns":null},"jwt-parser-fc586a41.js":{"Children":null,"Asset":{"ContentRootIndex":0,"SubPath":"assets/jwt-parser-fc586a41.js"},"Patterns":null},"keycode-info-00357c98.js":{"Children":null,"Asset":{"ContentRootIndex":0,"SubPath":"assets/keycode-info-00357c98.js"},"Patterns":null},"kotlin-ae5ef343.js":{"Children":null,"Asset":{"ContentRootIndex":0,"SubPath":"assets/kotlin-ae5ef343.js"},"Patterns":null},"less-1fe8fdbb.js":{"Children":null,"Asset":{"ContentRootIndex":0,"SubPath":"assets/less-1fe8fdbb.js"},"Patterns":null},"lexon-b30b84ba.js":{"Children":null,"Asset":{"ContentRootIndex":0,"SubPath":"assets/lexon-b30b84ba.js"},"Patterns":null},"liquid-a2bad874.js":{"Children":null,"Asset":{"ContentRootIndex":0,"SubPath":"assets/liquid-a2bad874.js"},"Patterns":null},"list-converter-c62ed4cb.js":{"Children":null,"Asset":{"ContentRootIndex":0,"SubPath":"assets/list-converter-c62ed4cb.js"},"Patterns":null},"lorem-ipsum-generator-b055c940.js":{"Children":null,"Asset":{"ContentRootIndex":0,"SubPath":"assets/lorem-ipsum-generator-b055c940.js"},"Patterns":null},"lua-98fb5662.js":{"Children":null,"Asset":{"ContentRootIndex":0,"SubPath":"assets/lua-98fb5662.js"},"Patterns":null},"m3-bebbe313.js":{"Children":null,"Asset":{"ContentRootIndex":0,"SubPath":"assets/m3-bebbe313.js"},"Patterns":null},"mac-address-generator-8d6072cc.js":{"Children":null,"Asset":{"ContentRootIndex":0,"SubPath":"assets/mac-address-generator-8d6072cc.js"},"Patterns":null},"mac-address-lookup-d22757de.js":{"Children":null,"Asset":{"ContentRootIndex":0,"SubPath":"assets/mac-address-lookup-d22757de.js"},"Patterns":null},"macAddress-e1f34ea8.js":{"Children":null,"Asset":{"ContentRootIndex":0,"SubPath":"assets/macAddress-e1f34ea8.js"},"Patterns":null},"markdown-d21a565e.js":{"Children":null,"Asset":{"ContentRootIndex":0,"SubPath":"assets/markdown-d21a565e.js"},"Patterns":null},"math-evaluator-b2eaf07b.js":{"Children":null,"Asset":{"ContentRootIndex":0,"SubPath":"assets/math-evaluator-b2eaf07b.js"},"Patterns":null},"mdx-c06ed698.js":{"Children":null,"Asset":{"ContentRootIndex":0,"SubPath":"assets/mdx-c06ed698.js"},"Patterns":null},"meta-tag-generator-c639b15a.css":{"Children":null,"Asset":{"ContentRootIndex":0,"SubPath":"assets/meta-tag-generator-c639b15a.css"},"Patterns":null},"meta-tag-generator-f3d01a2f.js":{"Children":null,"Asset":{"ContentRootIndex":0,"SubPath":"assets/meta-tag-generator-f3d01a2f.js"},"Patterns":null},"mime-types-e2094c54.js":{"Children":null,"Asset":{"ContentRootIndex":0,"SubPath":"assets/mime-types-e2094c54.js"},"Patterns":null},"mips-a6f8cea7.js":{"Children":null,"Asset":{"ContentRootIndex":0,"SubPath":"assets/mips-a6f8cea7.js"},"Patterns":null},"msdax-b68e245c.js":{"Children":null,"Asset":{"ContentRootIndex":0,"SubPath":"assets/msdax-b68e245c.js"},"Patterns":null},"mysql-5b539782.js":{"Children":null,"Asset":{"ContentRootIndex":0,"SubPath":"assets/mysql-5b539782.js"},"Patterns":null},"numeronym-generator-50569910.js":{"Children":null,"Asset":{"ContentRootIndex":0,"SubPath":"assets/numeronym-generator-50569910.js"},"Patterns":null},"objective-c-2b1285e8.js":{"Children":null,"Asset":{"ContentRootIndex":0,"SubPath":"assets/objective-c-2b1285e8.js"},"Patterns":null},"otp-code-generator-and-validator-a5f6cc5c.css":{"Children":null,"Asset":{"ContentRootIndex":0,"SubPath":"assets/otp-code-generator-and-validator-a5f6cc5c.css"},"Patterns":null},"otp-code-generator-and-validator-fcea8bc0.js":{"Children":null,"Asset":{"ContentRootIndex":0,"SubPath":"assets/otp-code-generator-and-validator-fcea8bc0.js"},"Patterns":null},"pascal-4649eefa.js":{"Children":null,"Asset":{"ContentRootIndex":0,"SubPath":"assets/pascal-4649eefa.js"},"Patterns":null},"pascaligo-ae9a3940.js":{"Children":null,"Asset":{"ContentRootIndex":0,"SubPath":"assets/pascaligo-ae9a3940.js"},"Patterns":null},"password-strength-analyser-f60597c7.js":{"Children":null,"Asset":{"ContentRootIndex":0,"SubPath":"assets/password-strength-analyser-f60597c7.js"},"Patterns":null},"pdf-signature-checker-774e7bcb.js":{"Children":null,"Asset":{"ContentRootIndex":0,"SubPath":"assets/pdf-signature-checker-774e7bcb.js"},"Patterns":null},"percentage-calculator-02f24ec5.js":{"Children":null,"Asset":{"ContentRootIndex":0,"SubPath":"assets/percentage-calculator-02f24ec5.js"},"Patterns":null},"perl-36ad82fa.js":{"Children":null,"Asset":{"ContentRootIndex":0,"SubPath":"assets/perl-36ad82fa.js"},"Patterns":null},"pgsql-e710ca22.js":{"Children":null,"Asset":{"ContentRootIndex":0,"SubPath":"assets/pgsql-e710ca22.js"},"Patterns":null},"phone-parser-and-formatter-344373ae.js":{"Children":null,"Asset":{"ContentRootIndex":0,"SubPath":"assets/phone-parser-and-formatter-344373ae.js"},"Patterns":null},"php-9f7865da.js":{"Children":null,"Asset":{"ContentRootIndex":0,"SubPath":"assets/php-9f7865da.js"},"Patterns":null},"pla-54a12d9b.js":{"Children":null,"Asset":{"ContentRootIndex":0,"SubPath":"assets/pla-54a12d9b.js"},"Patterns":null},"postiats-7c2e9d70.js":{"Children":null,"Asset":{"ContentRootIndex":0,"SubPath":"assets/postiats-7c2e9d70.js"},"Patterns":null},"powerquery-f1a5c841.js":{"Children":null,"Asset":{"ContentRootIndex":0,"SubPath":"assets/powerquery-f1a5c841.js"},"Patterns":null},"powershell-da6840f5.js":{"Children":null,"Asset":{"ContentRootIndex":0,"SubPath":"assets/powershell-da6840f5.js"},"Patterns":null},"prime.worker.min-e367bd53.js":{"Children":null,"Asset":{"ContentRootIndex":0,"SubPath":"assets/prime.worker.min-e367bd53.js"},"Patterns":null},"protobuf-1aff1783.js":{"Children":null,"Asset":{"ContentRootIndex":0,"SubPath":"assets/protobuf-1aff1783.js"},"Patterns":null},"pug-58d85519.js":{"Children":null,"Asset":{"ContentRootIndex":0,"SubPath":"assets/pug-58d85519.js"},"Patterns":null},"python-8f3e2443.js":{"Children":null,"Asset":{"ContentRootIndex":0,"SubPath":"assets/python-8f3e2443.js"},"Patterns":null},"qr-code-generator-60a57d6a.js":{"Children":null,"Asset":{"ContentRootIndex":0,"SubPath":"assets/qr-code-generator-60a57d6a.js"},"Patterns":null},"qsharp-3747268d.js":{"Children":null,"Asset":{"ContentRootIndex":0,"SubPath":"assets/qsharp-3747268d.js"},"Patterns":null},"queryParams-48f85ad9.js":{"Children":null,"Asset":{"ContentRootIndex":0,"SubPath":"assets/queryParams-48f85ad9.js"},"Patterns":null},"r-3faaa0ed.js":{"Children":null,"Asset":{"ContentRootIndex":0,"SubPath":"assets/r-3faaa0ed.js"},"Patterns":null},"random-port-generator-37936259.js":{"Children":null,"Asset":{"ContentRootIndex":0,"SubPath":"assets/random-port-generator-37936259.js"},"Patterns":null},"random-port-generator-95e78649.css":{"Children":null,"Asset":{"ContentRootIndex":0,"SubPath":"assets/random-port-generator-95e78649.css"},"Patterns":null},"razor-e4e342af.js":{"Children":null,"Asset":{"ContentRootIndex":0,"SubPath":"assets/razor-e4e342af.js"},"Patterns":null},"redis-e60e99b1.js":{"Children":null,"Asset":{"ContentRootIndex":0,"SubPath":"assets/redis-e60e99b1.js"},"Patterns":null},"redshift-9471542a.js":{"Children":null,"Asset":{"ContentRootIndex":0,"SubPath":"assets/redshift-9471542a.js"},"Patterns":null},"Remove-bb66f531.js":{"Children":null,"Asset":{"ContentRootIndex":0,"SubPath":"assets/Remove-bb66f531.js"},"Patterns":null},"restructuredtext-2ed0fd83.js":{"Children":null,"Asset":{"ContentRootIndex":0,"SubPath":"assets/restructuredtext-2ed0fd83.js"},"Patterns":null},"roman-numeral-converter-5fa074b9.js":{"Children":null,"Asset":{"ContentRootIndex":0,"SubPath":"assets/roman-numeral-converter-5fa074b9.js"},"Patterns":null},"roman-numeral-converter-f56170f5.css":{"Children":null,"Asset":{"ContentRootIndex":0,"SubPath":"assets/roman-numeral-converter-f56170f5.css"},"Patterns":null},"rsa-key-pair-generator-5569f900.js":{"Children":null,"Asset":{"ContentRootIndex":0,"SubPath":"assets/rsa-key-pair-generator-5569f900.js"},"Patterns":null},"ruby-25cf1311.js":{"Children":null,"Asset":{"ContentRootIndex":0,"SubPath":"assets/ruby-25cf1311.js"},"Patterns":null},"rust-ed06c9d7.js":{"Children":null,"Asset":{"ContentRootIndex":0,"SubPath":"assets/rust-ed06c9d7.js"},"Patterns":null},"sb-c1c59486.js":{"Children":null,"Asset":{"ContentRootIndex":0,"SubPath":"assets/sb-c1c59486.js"},"Patterns":null},"scala-b8919493.js":{"Children":null,"Asset":{"ContentRootIndex":0,"SubPath":"assets/scala-b8919493.js"},"Patterns":null},"scheme-03c92c15.js":{"Children":null,"Asset":{"ContentRootIndex":0,"SubPath":"assets/scheme-03c92c15.js"},"Patterns":null},"Scrollbar-627c52b3.js":{"Children":null,"Asset":{"ContentRootIndex":0,"SubPath":"assets/Scrollbar-627c52b3.js"},"Patterns":null},"scss-3439df1c.js":{"Children":null,"Asset":{"ContentRootIndex":0,"SubPath":"assets/scss-3439df1c.js"},"Patterns":null},"shell-5561a5b3.js":{"Children":null,"Asset":{"ContentRootIndex":0,"SubPath":"assets/shell-5561a5b3.js"},"Patterns":null},"Slider-2b48c316.js":{"Children":null,"Asset":{"ContentRootIndex":0,"SubPath":"assets/Slider-2b48c316.js"},"Patterns":null},"slugify-string-a7a7e993.js":{"Children":null,"Asset":{"ContentRootIndex":0,"SubPath":"assets/slugify-string-a7a7e993.js"},"Patterns":null},"solidity-d6124224.js":{"Children":null,"Asset":{"ContentRootIndex":0,"SubPath":"assets/solidity-d6124224.js"},"Patterns":null},"sophia-8f79d2a2.js":{"Children":null,"Asset":{"ContentRootIndex":0,"SubPath":"assets/sophia-8f79d2a2.js"},"Patterns":null},"SpanCopyable.vue_vue_type_script_setup_true_lang-be89e2c3.js":{"Children":null,"Asset":{"ContentRootIndex":0,"SubPath":"assets/SpanCopyable.vue_vue_type_script_setup_true_lang-be89e2c3.js"},"Patterns":null},"sparql-8602c7d8.js":{"Children":null,"Asset":{"ContentRootIndex":0,"SubPath":"assets/sparql-8602c7d8.js"},"Patterns":null},"sql-435600dc.js":{"Children":null,"Asset":{"ContentRootIndex":0,"SubPath":"assets/sql-435600dc.js"},"Patterns":null},"sql-prettify-7b111448.css":{"Children":null,"Asset":{"ContentRootIndex":0,"SubPath":"assets/sql-prettify-7b111448.css"},"Patterns":null},"sql-prettify-c80bd975.js":{"Children":null,"Asset":{"ContentRootIndex":0,"SubPath":"assets/sql-prettify-c80bd975.js"},"Patterns":null},"st-aef311b0.js":{"Children":null,"Asset":{"ContentRootIndex":0,"SubPath":"assets/st-aef311b0.js"},"Patterns":null},"Statistic-3daa5522.js":{"Children":null,"Asset":{"ContentRootIndex":0,"SubPath":"assets/Statistic-3daa5522.js"},"Patterns":null},"string-obfuscator-abca541d.js":{"Children":null,"Asset":{"ContentRootIndex":0,"SubPath":"assets/string-obfuscator-abca541d.js"},"Patterns":null},"svg-placeholder-generator-501cdda8.js":{"Children":null,"Asset":{"ContentRootIndex":0,"SubPath":"assets/svg-placeholder-generator-501cdda8.js"},"Patterns":null},"svg-placeholder-generator-8f39727a.css":{"Children":null,"Asset":{"ContentRootIndex":0,"SubPath":"assets/svg-placeholder-generator-8f39727a.css"},"Patterns":null},"swift-9dc68841.js":{"Children":null,"Asset":{"ContentRootIndex":0,"SubPath":"assets/swift-9dc68841.js"},"Patterns":null},"Switch-8c818e4c.js":{"Children":null,"Asset":{"ContentRootIndex":0,"SubPath":"assets/Switch-8c818e4c.js"},"Patterns":null},"systemverilog-46198f6a.js":{"Children":null,"Asset":{"ContentRootIndex":0,"SubPath":"assets/systemverilog-46198f6a.js"},"Patterns":null},"Table-f0ef4444.js":{"Children":null,"Asset":{"ContentRootIndex":0,"SubPath":"assets/Table-f0ef4444.js"},"Patterns":null},"tcl-cb6e370b.js":{"Children":null,"Asset":{"ContentRootIndex":0,"SubPath":"assets/tcl-cb6e370b.js"},"Patterns":null},"temperature-converter-4883f273.js":{"Children":null,"Asset":{"ContentRootIndex":0,"SubPath":"assets/temperature-converter-4883f273.js"},"Patterns":null},"text-diff-1862df68.css":{"Children":null,"Asset":{"ContentRootIndex":0,"SubPath":"assets/text-diff-1862df68.css"},"Patterns":null},"text-diff-c09803a8.js":{"Children":null,"Asset":{"ContentRootIndex":0,"SubPath":"assets/text-diff-c09803a8.js"},"Patterns":null},"text-statistics-09e3f0af.js":{"Children":null,"Asset":{"ContentRootIndex":0,"SubPath":"assets/text-statistics-09e3f0af.js"},"Patterns":null},"text-to-binary-c843452f.js":{"Children":null,"Asset":{"ContentRootIndex":0,"SubPath":"assets/text-to-binary-c843452f.js"},"Patterns":null},"text-to-nato-alphabet-cf3fa8f5.js":{"Children":null,"Asset":{"ContentRootIndex":0,"SubPath":"assets/text-to-nato-alphabet-cf3fa8f5.js"},"Patterns":null},"TextareaCopyable-45d37961.css":{"Children":null,"Asset":{"ContentRootIndex":0,"SubPath":"assets/TextareaCopyable-45d37961.css"},"Patterns":null},"TextareaCopyable-9ce8922b.js":{"Children":null,"Asset":{"ContentRootIndex":0,"SubPath":"assets/TextareaCopyable-9ce8922b.js"},"Patterns":null},"token-generator.service-a21d22e4.js":{"Children":null,"Asset":{"ContentRootIndex":0,"SubPath":"assets/token-generator.service-a21d22e4.js"},"Patterns":null},"token-generator.tool-da0729d3.css":{"Children":null,"Asset":{"ContentRootIndex":0,"SubPath":"assets/token-generator.tool-da0729d3.css"},"Patterns":null},"token-generator.tool-f13e4d19.js":{"Children":null,"Asset":{"ContentRootIndex":0,"SubPath":"assets/token-generator.tool-f13e4d19.js"},"Patterns":null},"toml-esm-9c5f6a1e.js":{"Children":null,"Asset":{"ContentRootIndex":0,"SubPath":"assets/toml-esm-9c5f6a1e.js"},"Patterns":null},"toml-to-json-4d250a54.js":{"Children":null,"Asset":{"ContentRootIndex":0,"SubPath":"assets/toml-to-json-4d250a54.js"},"Patterns":null},"toml-to-yaml-4358c605.js":{"Children":null,"Asset":{"ContentRootIndex":0,"SubPath":"assets/toml-to-yaml-4358c605.js"},"Patterns":null},"toml.services-387bcfeb.js":{"Children":null,"Asset":{"ContentRootIndex":0,"SubPath":"assets/toml.services-387bcfeb.js"},"Patterns":null},"tsMode-ae2a361c.js":{"Children":null,"Asset":{"ContentRootIndex":0,"SubPath":"assets/tsMode-ae2a361c.js"},"Patterns":null},"twig-2fc36860.js":{"Children":null,"Asset":{"ContentRootIndex":0,"SubPath":"assets/twig-2fc36860.js"},"Patterns":null},"typescript-06c8b400.js":{"Children":null,"Asset":{"ContentRootIndex":0,"SubPath":"assets/typescript-06c8b400.js"},"Patterns":null},"ulid-generator-3486c5d3.js":{"Children":null,"Asset":{"ContentRootIndex":0,"SubPath":"assets/ulid-generator-3486c5d3.js"},"Patterns":null},"url-encoder-7092c35a.js":{"Children":null,"Asset":{"ContentRootIndex":0,"SubPath":"assets/url-encoder-7092c35a.js"},"Patterns":null},"url-parser-091134c3.css":{"Children":null,"Asset":{"ContentRootIndex":0,"SubPath":"assets/url-parser-091134c3.css"},"Patterns":null},"url-parser-22c8c4da.js":{"Children":null,"Asset":{"ContentRootIndex":0,"SubPath":"assets/url-parser-22c8c4da.js"},"Patterns":null},"use-form-item-fc5b9895.js":{"Children":null,"Asset":{"ContentRootIndex":0,"SubPath":"assets/use-form-item-fc5b9895.js"},"Patterns":null},"use-locale-4fc4437b.js":{"Children":null,"Asset":{"ContentRootIndex":0,"SubPath":"assets/use-locale-4fc4437b.js"},"Patterns":null},"useQRCode-213d6214.js":{"Children":null,"Asset":{"ContentRootIndex":0,"SubPath":"assets/useQRCode-213d6214.js"},"Patterns":null},"user-agent-parser-c336a376.js":{"Children":null,"Asset":{"ContentRootIndex":0,"SubPath":"assets/user-agent-parser-c336a376.js"},"Patterns":null},"uuid-generator-849da3ba.js":{"Children":null,"Asset":{"ContentRootIndex":0,"SubPath":"assets/uuid-generator-849da3ba.js"},"Patterns":null},"uuid-generator-93c8bfcc.css":{"Children":null,"Asset":{"ContentRootIndex":0,"SubPath":"assets/uuid-generator-93c8bfcc.css"},"Patterns":null},"vb-c8fb3e3d.js":{"Children":null,"Asset":{"ContentRootIndex":0,"SubPath":"assets/vb-c8fb3e3d.js"},"Patterns":null},"wgsl-36d9888f.js":{"Children":null,"Asset":{"ContentRootIndex":0,"SubPath":"assets/wgsl-36d9888f.js"},"Patterns":null},"wifi-qr-code-generator-880a91fb.js":{"Children":null,"Asset":{"ContentRootIndex":0,"SubPath":"assets/wifi-qr-code-generator-880a91fb.js"},"Patterns":null},"workbox-window.prod.es5-a7b12eab.js":{"Children":null,"Asset":{"ContentRootIndex":0,"SubPath":"assets/workbox-window.prod.es5-a7b12eab.js"},"Patterns":null},"xml-178de8e0.js":{"Children":null,"Asset":{"ContentRootIndex":0,"SubPath":"assets/xml-178de8e0.js"},"Patterns":null},"xml-formatter-26adbc81.js":{"Children":null,"Asset":{"ContentRootIndex":0,"SubPath":"assets/xml-formatter-26adbc81.js"},"Patterns":null},"yaml-ac285edf.js":{"Children":null,"Asset":{"ContentRootIndex":0,"SubPath":"assets/yaml-ac285edf.js"},"Patterns":null},"yaml-to-json-f1a4b757.js":{"Children":null,"Asset":{"ContentRootIndex":0,"SubPath":"assets/yaml-to-json-f1a4b757.js"},"Patterns":null},"yaml-to-toml-94e1cebe.js":{"Children":null,"Asset":{"ContentRootIndex":0,"SubPath":"assets/yaml-to-toml-94e1cebe.js"},"Patterns":null},"_commonjs-dynamic-modules-302442b1.js":{"Children":null,"Asset":{"ContentRootIndex":0,"SubPath":"assets/_commonjs-dynamic-modules-302442b1.js"},"Patterns":null},"___vite-browser-external_commonjs-proxy-d0fd67a8.js":{"Children":null,"Asset":{"ContentRootIndex":0,"SubPath":"assets/___vite-browser-external_commonjs-proxy-d0fd67a8.js"},"Patterns":null}},"Asset":null,"Patterns":null},"banner.png":{"Children":null,"Asset":{"ContentRootIndex":0,"SubPath":"banner.png"},"Patterns":null},"browserconfig.xml":{"Children":null,"Asset":{"ContentRootIndex":0,"SubPath":"browserconfig.xml"},"Patterns":null},"favicon-16x16.png":{"Children":null,"Asset":{"ContentRootIndex":0,"SubPath":"favicon-16x16.png"},"Patterns":null},"favicon-32x32.png":{"Children":null,"Asset":{"ContentRootIndex":0,"SubPath":"favicon-32x32.png"},"Patterns":null},"favicon.ico":{"Children":null,"Asset":{"ContentRootIndex":0,"SubPath":"favicon.ico"},"Patterns":null},"humans.txt":{"Children":null,"Asset":{"ContentRootIndex":0,"SubPath":"humans.txt"},"Patterns":null},"index.html":{"Children":null,"Asset":{"ContentRootIndex":0,"SubPath":"index.html"},"Patterns":null},"manifest.webmanifest":{"Children":null,"Asset":{"ContentRootIndex":0,"SubPath":"manifest.webmanifest"},"Patterns":null},"mstile-144x144.png":{"Children":null,"Asset":{"ContentRootIndex":0,"SubPath":"mstile-144x144.png"},"Patterns":null},"mstile-150x150.png":{"Children":null,"Asset":{"ContentRootIndex":0,"SubPath":"mstile-150x150.png"},"Patterns":null},"mstile-310x150.png":{"Children":null,"Asset":{"ContentRootIndex":0,"SubPath":"mstile-310x150.png"},"Patterns":null},"mstile-310x310.png":{"Children":null,"Asset":{"ContentRootIndex":0,"SubPath":"mstile-310x310.png"},"Patterns":null},"mstile-70x70.png":{"Children":null,"Asset":{"ContentRootIndex":0,"SubPath":"mstile-70x70.png"},"Patterns":null},"robots.txt":{"Children":null,"Asset":{"ContentRootIndex":0,"SubPath":"robots.txt"},"Patterns":null},"safari-pinned-tab.svg":{"Children":null,"Asset":{"ContentRootIndex":0,"SubPath":"safari-pinned-tab.svg"},"Patterns":null},"sw.js":{"Children":null,"Asset":{"ContentRootIndex":0,"SubPath":"sw.js"},"Patterns":null},"workbox-fa446783.js":{"Children":null,"Asset":{"ContentRootIndex":0,"SubPath":"workbox-fa446783.js"},"Patterns":null}},"Asset":null,"Patterns":[{"ContentRootIndex":0,"Pattern":"**","Depth":0}]}}